<?xml version="1.0"?>
<feed xmlns="http://www.w3.org/2005/Atom" xmlns:g="http://base.google.com/ns/1.0">
  <title>Test Store</title>
  <link rel="self" href="http://www.example.com" />

  <entry>
    <g:id>DB_1</g:id>
    <g:title>Dog Bowl In Blue</g:title>
    <applink property="ios_url" content="example-ios://electronic/db_1" />
    <applink property="ios_app_store_id" content="123" />
    <applink property="ios_app_name" content="Electronic Example iOS" />
    <applink property="android_url" content="example-android://electronic/db_1" />
    <applink property="android_package" content="com.electronic.example" />
    <applink property="android_app_name" content="Electronic Example Android" />
    <applink property="windows_phone_url" content="example-windows://electronic/db_1" />
    <applink property="windows_phone_app_id" content="64ec0d1b-5b3b-4c77-a86b-5e12d465edc0" />
    <applink property="windows_phone_app_name" content="Electronic Example Windows" />
    <g:description>Solid plastic Dog Bowl in marine blue color</g:description>
    <g:google_product_category>Animals &gt; Pet Supplies</g:google_product_category> 
    <g:product_type>Bowls &amp; Dining &gt; Food &amp; Water Bowls</g:product_type> 
    <g:link>http://www.example.com/bowls/db-1.html</g:link>
    <g:image_link>http://images.example.com/DB_1.png</g:image_link>
    <g:condition>new</g:condition>
    <g:availability>in stock</g:availability>
    <g:price>9.99 GBP</g:price>
    <g:brand>Example</g:brand>
    <g:item_group_id>DB_GROUP_1</g:item_group_id>
    <g:shipping>
      <g:country>UK</g:country>
      <g:service>Standard</g:service>
      <g:price>9.95 GBP</g:price>
    </g:shipping>
    <g:custom_label_0>Made in Waterford, IE</g:custom_label_0>
  </entry>

  <entry>
    <g:id>DB_2</g:id>
    <g:title>Dog Bowl In Yellow</g:title>
    <applink property="ios_url" content="example-ios://electronic/db_2" />
    <applink property="ios_app_store_id" content="123" />
    <applink property="ios_app_name" content="Electronic Example iOS" />
    <applink property="android_url" content="example-android://electronic/db_2" />
    <applink property="android_package" content="com.electronic.example" />
    <applink property="android_app_name" content="Electronic Example Android" />
    <applink property="windows_phone_url" content="example-windows://electronic/db_2" />
    <applink property="windows_phone_app_id" content="64ec0d1b-5b3b-4c77-a86b-5e12d465edc0" />
    <applink property="windows_phone_app_name" content="Electronic Example Windows" />
    <g:description>Solid plastic Dog Bowl in yellow color</g:description>
    <g:google_product_category>Animals &gt; Pet Supplies</g:google_product_category> 
    <g:product_type>Bowls &amp; Dining &gt; Food &amp; Water Bowls</g:product_type> 
    <g:link>http://www.example.com/bowls/db-2.html</g:link>
    <g:image_link>http://images.example.com/DB_2.png</g:image_link>
    <g:condition>new</g:condition>
    <g:availability>in stock</g:availability>
    <g:price>9.99 GBP</g:price>
    <g:brand>Example</g:brand>
    <g:item_group_id>DB_GROUP_1</g:item_group_id>
    <g:shipping>
      <g:country>UK</g:country>
      <g:service>Standard</g:service>
      <g:price>9.95 GBP</g:price>
    </g:shipping>
    <g:custom_label_0>Made in Waterford, IE</g:custom_label_0>
  </entry>
</feed>
